<?xml version="1.0" encoding="UTF-8"?>
<templates id="template" xml:space="preserve">
    <!-- Extended OrderSummary Component Template -->
    <t t-name="total_quantity_pos.OrderWidget"
       t-inherit="point_of_sale.OrderWidget" t-inherit-mode="extension"
       owl="1">
        <!-- Insert additional content inside the summary section -->
        <xpath expr="//div[hasclass('order-summary')]" position="inside">
            <!-- Display the item count -->
            <div class="line">
                <div class="subentry fs-6 text-muted">
                    Item Count:
                    <span class="value">
                        <!-- Render the calculated item count -->
                        <t t-esc="ItemCount"/>
                    </span>
                </div>
                <!-- Display the total quantity -->
                <div class="subentry fs-6 text-muted">
                    Total Quantity:
                    <span class="value">
                        <!-- Render the calculated total quantity -->
                        <t t-esc="TotalQuantity"/>
                    </span>
                </div>
            </div>
        </xpath>
    </t>
</templates>
