<?xml version="1.0" encoding="UTF-8"?>

<templates id="template" xml:space="preserve">
	<t t-name="CreateProductPopup" owl="1">
<div class="popup product-line-popup">
    <div class="modal-header">
        <h4 class="modal-title title">
            <t t-if="changes.name">
            <t t-esc="'Edit '+changes.name"/>
            </t>
            <t t-else="">
            <span>Create Product</span>
            </t>
        </h4>
    </div>
    <main class="modal-body">
        <div class="partner-details-header d-flex pe-2 gap-2">
            <div class="partner-picture position-relative rounded text-center overflow-hidden">
                <t t-if="productImageUrl">
                    <img class="rounded" t-att-src="productImageUrl"
                         alt="Product"
                         style="width: 64px; height: 64px; object-fit: cover;"/>
                </t>
                <t t-else="">
                    <i class="fa fa-camera" role="img"
                       aria-label="Picture" title="Picture"> </i>
                </t>
                <input type="file" class="image-uploader"
                       t-on-change="uploadImage"/>
            </div>
            <input class="detail partner-name form-control form-control-lg"
                   t-model="changes.name" name="name"
                   placeholder="Name"/>
        </div>
        <br/>
        <div class="partner-details-header d-flex pe-2 gap-2">
            <input class="detail partner-name form-control form-control-lg"
                   t-model="changes.standard_price"
                   name="standard_price"
                   placeholder="Cost"/>
        </div>
        <br/>
        <div class="partner-details-header d-flex pe-2 gap-2">
            <input class="detail partner-name form-control form-control-lg"
                   t-model="changes.lst_price"
                   name="lst_price"
                   placeholder="Price"/>
        </div>
        <br/>
        <br/>
        <div class="partner-details-header d-flex pe-2 gap-2">
            <input class="detail partner-name form-control form-control-lg"
                   t-model="changes.default_code"
                   name="default_code"
                   placeholder="Code"/>
        </div>
        <br/>
        <br/>
        <div class="partner-details-header d-flex pe-2 gap-2">
            <select name="category"
                    t-model="changes.pos_categ_ids"
                    class="form-control"
                    id="product_category">
                <t t-foreach="pos.db.category_by_id"
                   t-as="category"
                   t-key="pos.db.category_by_id[category].id">
                    <option t-att-value="pos.db.category_by_id[category].id"
                       t-att-selected="changes.pos_categ_ids"
                            t-att-title="pos.db.category_by_id[category].id">
                        <t t-esc="pos.db.category_by_id[category].name"/>
                    </option>
                </t>
            </select>
        </div>
    </main>
    <footer class="footer modal-footer">
        <div class="button confirm btn btn-lg btn-primary"
             t-on-click="confirm">
            Confirm
        </div>
        <div class="button cancel btn btn-lg btn-secondary"
             t-on-click="cancel">
            Cancel
        </div>
    </footer>
</div>
</t>
</templates>