<?xml version="1.0" encoding="UTF-8"?>
<templates id="template" xml:space="preserve">
    <t t-name="pos_product_create_edit.ProductLine">
        <tr t-attf-class="partner-line gap-2 gap-lg-0 align-top {{highlight}}" t-att-data-id="state.product.id">
            <td>
                <div class="product-img">
                    <img t-att-src="state.product?.imageUrl" class="product_img" t-att-alt="state.product.display_name"/>
                </div>
            </td>
            <td>
                <div>
                    <t t-esc="state.product.display_name or ''"/>
                </div>
            </td>
            <td t-if="!env.isMobile">
                <div>
                    <t t-esc="state.product.default_code or ''"/>
                </div>
            </td>
            <td t-if="!env.isMobile">
                <div>
                    <t t-esc="state.product.categ_id[1] or ''"/>
                </div>
            </td>
            <td t-if="!env.isMobile">
                <div>
                    <t t-esc="state.product.lst_price or ''"/>
                </div>
            </td>
            <td t-if="!env.isMobile">
                <div>
                    <t t-esc="state.product.barcode or ''"/>
                </div>
            </td>
            <td>
                <div>
                    <button class="edit_product" t-on-click="editCurrentProduct">
                        <i class="fa fa-pencil" aria-hidden="true"/>
                    </button>
                </div>
            </td>
        </tr>
    </t>
</templates>
